https://editor.umodoc.com/cn,https://dev.umodoc.com/cn/docs/editor,301,true,false,true
https://editor.umodoc.com/cn/docs,https://dev.umodoc.com/cn/docs/editor,301,true,false,true
https://editor.umodoc.com/cn/docs/features,https://dev.umodoc.com/cn/docs/editor/features,301,true,false,true
https://editor.umodoc.com/cn/docs/getting-started,https://dev.umodoc.com/cn/docs/editor/getting-started,301,true,false,true
https://editor.umodoc.com/cn/docs/changelog,https://dev.umodoc.com/cn/docs/editor/changelog,301,true,false,true
https://editor.umodoc.com/cn/docs/customization,https://dev.umodoc.com/cn/docs/editor/customization,301,true,false,true
https://editor.umodoc.com/cn/docs/roadmap,https://dev.umodoc.com/cn/docs/editor/roadmap,301,true,false,true
https://editor.umodoc.com/cn/docs/options/default,https://dev.umodoc.com/cn/docs/editor/options/default,301,true,false,true
https://editor.umodoc.com/cn/docs/options/dicts,https://dev.umodoc.com/cn/docs/editor/options/dicts,301,true,false,true
https://editor.umodoc.com/cn/docs/options/toolbar,https://dev.umodoc.com/cn/docs/editor/options/toolbar,301,true,false,true
https://editor.umodoc.com/cn/docs/options/page,https://dev.umodoc.com/cn/docs/editor/options/page,301,true,false,true
https://editor.umodoc.com/cn/docs/options/document,https://dev.umodoc.com/cn/docs/editor/options/document,301,true,false,true
https://editor.umodoc.com/cn/docs/options/ai,https://dev.umodoc.com/cn/docs/editor/options/ai,301,true,false,true
https://editor.umodoc.com/cn/docs/options/echarts,https://dev.umodoc.com/cn/docs/editor/options/echarts,301,true,false,true
https://editor.umodoc.com/cn/docs/options/webpages,https://dev.umodoc.com/cn/docs/editor/options/webpages,301,true,false,true
https://editor.umodoc.com/cn/docs/options/templates,https://dev.umodoc.com/cn/docs/editor/options/templates,301,true,false,true
https://editor.umodoc.com/cn/docs/options/cdn,https://dev.umodoc.com/cn/docs/editor/options/cdn,301,true,false,true
https://editor.umodoc.com/cn/docs/options/share,https://dev.umodoc.com/cn/docs/editor/options/share,301,true,false,true
https://editor.umodoc.com/cn/docs/options/diagrams,https://dev.umodoc.com/cn/docs/editor/options/diagrams,301,true,false,true
https://editor.umodoc.com/cn/docs/options/user,https://dev.umodoc.com/cn/docs/editor/options/user,301,true,false,true
https://editor.umodoc.com/cn/docs/options/users,https://dev.umodoc.com/cn/docs/editor/options/users,301,true,false,true
https://editor.umodoc.com/cn/docs/options/file,https://dev.umodoc.com/cn/docs/editor/options/file,301,true,false,true
https://editor.umodoc.com/cn/docs/options/extensions,https://dev.umodoc.com/cn/docs/editor/options/extensions,301,true,false,true
https://editor.umodoc.com/cn/docs/options/locale,https://dev.umodoc.com/cn/docs/editor/options/locale,301,true,false,true
https://editor.umodoc.com/cn/docs/options/theme,https://dev.umodoc.com/cn/docs/editor/options/theme,301,true,false,true
https://editor.umodoc.com/cn/docs/options/methods,https://dev.umodoc.com/cn/docs/editor/options/methods,301,true,false,true
https://editor.umodoc.com/cn/docs/events,https://dev.umodoc.com/cn/docs/editor/events,301,true,false,true
https://editor.umodoc.com/cn/docs/methods,https://dev.umodoc.com/cn/docs/editor/methods,301,true,false,true
https://editor.umodoc.com/cn/docs/ai,https://dev.umodoc.com/cn/docs/editor/methods,301,true,false,true
https://editor.umodoc.com/cn/docs/tiptap,https://dev.umodoc.com/cn/docs/editor/tiptap,301,true,false,true
https://editor.umodoc.com/cn/docs/themes,https://dev.umodoc.com/cn/docs/editor/themes,301,true,false,true
https://editor.umodoc.com/cn/docs/slots,https://dev.umodoc.com/cn/docs/editor/slots,301,true,false,true
https://editor.umodoc.com/cn/docs/components,https://dev.umodoc.com/cn/docs/editor/components,301,true,false,true
https://editor.umodoc.com/cn/docs/components/menu-button,https://dev.umodoc.com/cn/docs/editor/components/menu-button,301,true,false,true
https://editor.umodoc.com/cn/docs/components/tooltip,https://dev.umodoc.com/cn/docs/editor/components/tooltip,301,true,false,true
https://editor.umodoc.com/cn/docs/components/dialog,https://dev.umodoc.com/cn/docs/editor/components/dialog,301,true,false,true
https://editor.umodoc.com/cn/docs/notifications,https://dev.umodoc.com/cn/docs/editor/notifications,301,true,false,true
https://editor.umodoc.com/cn/docs/extensions,https://dev.umodoc.com/cn/docs/editor/extensions,301,true,false,true
https://editor.umodoc.com/cn/docs/extensions/built-in,https://dev.umodoc.com/cn/docs/editor/extensions/built-in,301,true,false,true
https://editor.umodoc.com/cn/docs/extensions/custom,https://dev.umodoc.com/cn/docs/editor/extensions/custom,301,true,false,true
https://editor.umodoc.com/cn/docs/next,https://dev.umodoc.com/cn/docs/next,301,true,false,true
https://editor.umodoc.com/cn/docs/next/features,https://dev.umodoc.com/cn/docs/next/features,301,true,false,true
https://editor.umodoc.com/cn/docs/next/license,https://dev.umodoc.com/cn/docs/next/license,301,true,false,true
https://editor.umodoc.com/cn/docs/next/changelog,https://dev.umodoc.com/cn/docs/next/changelog,301,true,false,true
https://editor.umodoc.com/cn/docs/next/roadmap,https://dev.umodoc.com/cn/docs/next/roadmap,301,true,false,true
https://editor.umodoc.com/cn/docs/next/getting-started,https://dev.umodoc.com/cn/docs/next/getting-started,301,true,false,true
https://editor.umodoc.com/cn/docs/next/server,https://dev.umodoc.com/cn/docs/next/server,301,true,false,true
https://editor.umodoc.com/cn/docs/next/toolbar,https://dev.umodoc.com/cn/docs/next/toolbar,301,true,false,true
https://editor.umodoc.com/cn/docs/next/aside,https://dev.umodoc.com/cn/docs/next/aside,301,true,false,true
https://editor.umodoc.com/cn/docs/next/chat,https://dev.umodoc.com/cn/docs/next/chat,301,true,false,true
https://editor.umodoc.com/cn/docs/next/collaboration,https://dev.umodoc.com/cn/docs/next/collaboration,301,true,false,true
https://editor.umodoc.com/cn/docs/next/comments,https://dev.umodoc.com/cn/docs/next/comments,301,true,false,true
https://editor.umodoc.com/cn/docs/next/import,https://dev.umodoc.com/cn/docs/next/import,301,true,false,true
https://editor.umodoc.com/cn/docs/next/export,https://dev.umodoc.com/cn/docs/next/export,301,true,false,true
https://editor.umodoc.com/cn/docs/next/icons,https://dev.umodoc.com/cn/docs/next/other,301,true,false,true
https://editor.umodoc.com/cn/docs/next/methods,https://dev.umodoc.com/cn/docs/next/methods,301,true,false,true
https://editor.umodoc.com/cn/docs/server,https://dev.umodoc.com/cn/docs/server,301,true,false,true
https://editor.umodoc.com/cn/docs/server/api,https://dev.umodoc.com/cn/docs/server/api,301,true,false,true
https://editor.umodoc.com/cn/docs/server/auth,https://dev.umodoc.com/cn/docs/server/auth,301,true,false,true
https://editor.umodoc.com/en,https://dev.umodoc.com/en/docs/editor,301,true,false,true
https://editor.umodoc.com/en/docs,https://dev.umodoc.com/en/docs/editor,301,true,false,true
https://editor.umodoc.com/en/docs/features,https://dev.umodoc.com/en/docs/editor/features,301,true,false,true
https://editor.umodoc.com/en/docs/getting-started,https://dev.umodoc.com/en/docs/editor/getting-started,301,true,false,true
https://editor.umodoc.com/en/docs/changelog,https://dev.umodoc.com/en/docs/editor/changelog,301,true,false,true
https://editor.umodoc.com/en/docs/customization,https://dev.umodoc.com/en/docs/editor/customization,301,true,false,true
https://editor.umodoc.com/en/docs/roadmap,https://dev.umodoc.com/en/docs/editor/roadmap,301,true,false,true
https://editor.umodoc.com/en/docs/options/default,https://dev.umodoc.com/en/docs/editor/options/default,301,true,false,true
https://editor.umodoc.com/en/docs/options/dicts,https://dev.umodoc.com/en/docs/editor/options/dicts,301,true,false,true
https://editor.umodoc.com/en/docs/options/toolbar,https://dev.umodoc.com/en/docs/editor/options/toolbar,301,true,false,true
https://editor.umodoc.com/en/docs/options/page,https://dev.umodoc.com/en/docs/editor/options/page,301,true,false,true
https://editor.umodoc.com/en/docs/options/document,https://dev.umodoc.com/en/docs/editor/options/document,301,true,false,true
https://editor.umodoc.com/en/docs/options/ai,https://dev.umodoc.com/en/docs/editor/options/ai,301,true,false,true
https://editor.umodoc.com/en/docs/options/echarts,https://dev.umodoc.com/en/docs/editor/options/echarts,301,true,false,true
https://editor.umodoc.com/en/docs/options/webpages,https://dev.umodoc.com/en/docs/editor/options/webpages,301,true,false,true
https://editor.umodoc.com/en/docs/options/templates,https://dev.umodoc.com/en/docs/editor/options/templates,301,true,false,true
https://editor.umodoc.com/en/docs/options/cdn,https://dev.umodoc.com/en/docs/editor/options/cdn,301,true,false,true
https://editor.umodoc.com/en/docs/options/share,https://dev.umodoc.com/en/docs/editor/options/share,301,true,false,true
https://editor.umodoc.com/en/docs/options/diagrams,https://dev.umodoc.com/en/docs/editor/options/diagrams,301,true,false,true
https://editor.umodoc.com/en/docs/options/user,https://dev.umodoc.com/en/docs/editor/options/user,301,true,false,true
https://editor.umodoc.com/en/docs/options/users,https://dev.umodoc.com/en/docs/editor/options/users,301,true,false,true
https://editor.umodoc.com/en/docs/options/file,https://dev.umodoc.com/en/docs/editor/options/file,301,true,false,true
https://editor.umodoc.com/en/docs/options/extensions,https://dev.umodoc.com/en/docs/editor/options/extensions,301,true,false,true
https://editor.umodoc.com/en/docs/options/locale,https://dev.umodoc.com/en/docs/editor/options/locale,301,true,false,true
https://editor.umodoc.com/en/docs/options/theme,https://dev.umodoc.com/en/docs/editor/options/theme,301,true,false,true
https://editor.umodoc.com/en/docs/options/methods,https://dev.umodoc.com/en/docs/editor/options/methods,301,true,false,true
https://editor.umodoc.com/en/docs/events,https://dev.umodoc.com/en/docs/editor/events,301,true,false,true
https://editor.umodoc.com/en/docs/methods,https://dev.umodoc.com/en/docs/editor/methods,301,true,false,true
https://editor.umodoc.com/en/docs/ai,https://dev.umodoc.com/en/docs/editor/methods,301,true,false,true
https://editor.umodoc.com/en/docs/tiptap,https://dev.umodoc.com/en/docs/editor/tiptap,301,true,false,true
https://editor.umodoc.com/en/docs/themes,https://dev.umodoc.com/en/docs/editor/themes,301,true,false,true
https://editor.umodoc.com/en/docs/slots,https://dev.umodoc.com/en/docs/editor/slots,301,true,false,true
https://editor.umodoc.com/en/docs/components,https://dev.umodoc.com/en/docs/editor/components,301,true,false,true
https://editor.umodoc.com/en/docs/components/menu-button,https://dev.umodoc.com/en/docs/editor/components/menu-button,301,true,false,true
https://editor.umodoc.com/en/docs/components/tooltip,https://dev.umodoc.com/en/docs/editor/components/tooltip,301,true,false,true
https://editor.umodoc.com/en/docs/components/dialog,https://dev.umodoc.com/en/docs/editor/components/dialog,301,true,false,true
https://editor.umodoc.com/en/docs/notifications,https://dev.umodoc.com/en/docs/editor/notifications,301,true,false,true
https://editor.umodoc.com/en/docs/extensions,https://dev.umodoc.com/en/docs/editor/extensions,301,true,false,true
https://editor.umodoc.com/en/docs/extensions/built-in,https://dev.umodoc.com/en/docs/editor/extensions/built-in,301,true,false,true
https://editor.umodoc.com/en/docs/extensions/custom,https://dev.umodoc.com/en/docs/editor/extensions/custom,301,true,false,true
https://editor.umodoc.com/en/docs/next,https://dev.umodoc.com/en/docs/next,301,true,false,true
https://editor.umodoc.com/en/docs/next/features,https://dev.umodoc.com/en/docs/next/features,301,true,false,true
https://editor.umodoc.com/en/docs/next/license,https://dev.umodoc.com/en/docs/next/license,301,true,false,true
https://editor.umodoc.com/en/docs/next/changelog,https://dev.umodoc.com/en/docs/next/changelog,301,true,false,true
https://editor.umodoc.com/en/docs/next/roadmap,https://dev.umodoc.com/en/docs/next/roadmap,301,true,false,true
https://editor.umodoc.com/en/docs/next/getting-started,https://dev.umodoc.com/en/docs/next/getting-started,301,true,false,true
https://editor.umodoc.com/en/docs/next/server,https://dev.umodoc.com/en/docs/next/server,301,true,false,true
https://editor.umodoc.com/en/docs/next/toolbar,https://dev.umodoc.com/en/docs/next/toolbar,301,true,false,true
https://editor.umodoc.com/en/docs/next/aside,https://dev.umodoc.com/en/docs/next/aside,301,true,false,true
https://editor.umodoc.com/en/docs/next/chat,https://dev.umodoc.com/en/docs/next/chat,301,true,false,true
https://editor.umodoc.com/en/docs/next/collaboration,https://dev.umodoc.com/en/docs/next/collaboration,301,true,false,true
https://editor.umodoc.com/en/docs/next/comments,https://dev.umodoc.com/en/docs/next/comments,301,true,false,true
https://editor.umodoc.com/en/docs/next/import,https://dev.umodoc.com/en/docs/next/import,301,true,false,true
https://editor.umodoc.com/en/docs/next/export,https://dev.umodoc.com/en/docs/next/export,301,true,false,true
https://editor.umodoc.com/en/docs/next/icons,https://dev.umodoc.com/en/docs/next/other,301,true,false,true
https://editor.umodoc.com/en/docs/next/methods,https://dev.umodoc.com/en/docs/next/methods,301,true,false,true
https://editor.umodoc.com/en/docs/server,https://dev.umodoc.com/en/docs/server,301,true,false,true
https://editor.umodoc.com/en/docs/server/api,https://dev.umodoc.com/en/docs/server/api,301,true,false,true
https://editor.umodoc.com/en/docs/server/auth,https://dev.umodoc.com/en/docs/server/auth,301,true,false,true